index,name,handle,email,vertical,tier,template,tier_reason
01,RentRedi,@RentRedi,test-rentredi@example.invalid,property_tech,1,01_RentRedi.md,Public PM platform
02,DoorLoop,@doorloop,,property_tech,1,02_doorloop.md,PM SaaS
03,AppFolio,@AppFolio,,property_tech,1,03_AppFolio.md,PM SaaS leader
04,TurboTenant,@TurboTenant,,property_tech,2,04_TurboTenant.md,Smaller PM SaaS
05,levelsio,@levelsio,,indie_saas,1,05_levelsio.md,Public indie hacker
06,Marc Louvion,@marc_louvion,,indie_saas,1,06_marc_louvion.md,Indie SaaS builder
07,Tony Dinh,@tdinh_me,,indie_saas,1,07_tdinh_me.md,Indie hacker
08,csaborzi,@csaborzi,,indie_saas,2,08_csaborzi.md,Twitter-active indie
09,Neil Patel,@neilpatel,,agency,1,09_neilpatel.md,Public agency owner
10,Backlinko,@Backlinko,,agency,1,10_Backlinko.md,SEO agency
11,LHH,@LHHGlobal,,recruiting,2,11_LHHGlobal.md,Big recruiting firm
12,Indeed,@Indeed,,recruiting,2,12_Indeed.md,Job board
13,SignHouse,@usesignhouse,,b2b_saas,1,13_usesignhouse.md,Small B2B SaaS
14,Craftmetrics,@craftmetrics,,b2b_saas,1,14_craftmetrics.md,B2B SaaS
15,Plausible Analytics,@plausible,,b2b_saas,1,15_plausible.md,Public analytics SaaS
16,Sahil Bloom,@SahilBloom,,coaching,2,16_SahilBloom.md,Public creator/coach
17,Alex Hormozi,@AlexHormozi,,coaching,1,17_AlexHormozi.md,Public business coach
18,Guru Squad,@gurusquad,,ecommerce,2,18_gurusquad.md,Public ecom agency
19,Convertica,@_convertica,,ecommerce,2,19_convertica.md,Ecom CRO agency
20,Buffer,@buffer,,b2b_saas,1,20_buffer.md,"Social media SaaS, AI features opportunity"
21,Notion,@NotionHQ,,b2b_saas,1,21_notionhq.md,"Productivity SaaS leader, AI integration heavy"
22,Linear,@linear,,b2b_saas,1,22_linear.md,"Issue tracking SaaS, fast-growing team"
23,Vercel,@vercel,,dev_tools,1,23_vercel.md,"Frontend cloud platform, dev-first ops"
24,Supabase,@supabase,,dev_tools,1,24_supabase.md,"Open-source Firebase alt, AI infra angle"
25,Cal.com,@calcom,support@cal.com,b2b_saas,1,25_calcom.md,"Open-source scheduling SaaS, ops-heavy booking workflows; evidence: https://cal.com/contact exposed support@cal.com"
26,Tally,@TallyForms,hello@tally.so,b2b_saas,1,26_tally.md,Form SaaS for ops-heavy teams; evidence: https://tally.so/help/contact-us exposed hello@tally.so and founder Filip contact
27,Kit,@kit,support@kit.com,creator_saas,1,27_kit.md,Creator/email platform with automation workflows; evidence: https://kit.com/terms exposed support@kit.com
28,Dub,@dubdotco,support@dub.co,b2b_saas,1,28_dub.md,Link attribution SaaS; evidence: https://dub.co/contact exposed support@dub.co and @steventey
29,Resend,@resend,support@resend.com,dev_tools,1,29_resend.md,Developer email platform with AI/email workflow fit; evidence: https://resend.com/contact exposed support@resend.com
31,Webflow,@webflow,support@webflow.com,b2b_saas,1,31_webflow.md,No-code web platform with AI site builder; evidence: https://webflow.com/contact exposed support@webflow.com
32,Make,@make_hq,support@make.com,automation,1,32_make.md,Visual automation platform (Integromat alt); evidence: https://make.com/en/contact-us exposed support@make.com
33,Zapier,@zapier,support@zapier.com,automation,1,33_zapier.md,Largest automation SaaS; evidence: https://zapier.com/help/contact-us exposed support@zapier.com
34,Ahrefs,@ahrefs,support@ahrefs.com,b2b_saas,1,34_ahrefs.md,SEO platform with workflow-heavy research ops; evidence: https://ahrefs.com/contact exposed support@ahrefs.com
30,Replit,@Replit,team@replit.com,dev_tools,1,30_replit.md,Cloud IDE with AI agent features; evidence: https://replit.com/contact exposed team@replit.com and support channel
35,PostHog,@posthog,sales@posthog.com,dev_tools,1,35_posthog.md,Open-source product analytics stack with AI-heavy analytics workflows; evidence: https://posthog.com/contact exposed sales@posthog.com; founders James Hawkins / Tim Glaser
36,Storylane,@storylane_io,akashb@storylane.io,sales_enablement,1,36_storylane.md,Interactive demo SaaS with demo analytics and GTM workflows; evidence: https://www.storylane.io/privacy-policy exposed akashb@storylane.io and support@storylane.io; founder/CEO Akash Bansal
37,SavvyCal,@savvycal_,support@savvycal.com,scheduling,1,37_savvycal.md,Scheduling SaaS with routing/reminder automations; evidence: https://savvycal.com/privacy exposed support@savvycal.com; founder Derrick Reimer
38,Canny,@cannyHQ,support@canny.io,product_feedback,1,38_canny.md,Product feedback SaaS where AI triage/clustering has silent-failure risk; evidence: https://canny.io/privacy exposed support@canny.io; founders Sarah Hum / Andrew Rasmussen
39,Userlist,@userlist,support@userlist.com,email_automation,1,39_userlist.md,B2B lifecycle email automation platform; evidence: https://www.userlist.com/contact/ exposed support@userlist.com; founders Jane Portman / Benedikt Deicke
40,Brex,@brex,support@brex.com,finance_ops,1,40_brex.md,B2B corporate cards + spend mgmt with AI categorization; evidence: https://www.brex.com/contact exposed support@brex.com; founders Henrique Dubugras / Pedro Franceschi
41,DrChrono,@drchrono,support@drchrono.com,healthcare_ops,1,41_drchrono.md,EHR + medical billing with AI prior-auth workflows; evidence: https://www.drchrono.com/contact exposed support@drchrono.com; founder Daniel Kivatinos
42,Clio,@cliodotcom,support@clio.com,legal_ops,1,42_clio.md,Legal practice management with AI document drafting + triage; evidence: https://www.clio.com/contact exposed support@clio.com; founder Jack Newton
43,Gorgias,@gorgias,support@gorgias.com,customer_support,1,43_gorgias.md,Ecom helpdesk SaaS with AI autoresponder (deflection is the wedge); evidence: https://www.gorgias.com/contact exposed support@gorgias.com; founder Romain Lapeyre
44,Fountain,@fountainhq,support@fountain.com,hourly_workforce,1,44_fountain.md,Hourly workforce hiring/onboarding with AI screening; evidence: https://www.fountain.com/contact exposed support@fountain.com; founder Keith Ryu
45,Planhat,@planhat,hello@planhat.com,customer_success,1,45_planhat.md,Customer-success platform with AI health scoring/renewal-risk workflows; evidence: https://www.planhat.com/contact exposed hello@planhat.com
46,Vitally,@vitally_io,hello@vitally.io,customer_success,1,46_vitally.md,Customer-success platform with lifecycle automation and AI risk scoring; evidence: https://www.vitally.io/contact exposed hello@vitally.io
47,Pilot,@PilotHQ,info@pilot.com,accounting_ops,1,47_pilot.md,Bookkeeping/CFO platform with AI categorization and month-end-close workflows; evidence: https://pilot.com/contact exposed info@pilot.com
48,Klaviyo,@klaviyo,sales@klaviyo.com,ecommerce_marketing,1,48_klaviyo.md,Ecommerce marketing automation platform with AI segmentation/copy workflows; evidence: https://www.klaviyo.com/contact-us exposed sales@klaviyo.com
49,Clay,@ClayHQ,support@clay.com,sales_intelligence,1,49_clay.md,Sales intelligence/enrichment platform where AI enrichment errors cascade into outbound; evidence: https://www.clay.com/contact exposed support@clay.com
50,Samsara,@Samsara,sales@samsara.com,b2b_saas,1,50_samsara.md,IoT/ops platform with AI workflow agents for fleet compliance; evidence: https://www.samsara.com/contact-sales exposes sales@samsara.com
51,Verkada,@verkada,sales@verkada.com,b2b_saas,1,51_verkada.md,Physical-security platform with AI search/alerts; evidence: https://www.verkada.com/contact-sales exposes sales@verkada.com
52,Aircall,@aircall,support@aircall.io,sales_intelligence,1,52_aircall.md,Cloud-call-center platform with AI transcription/summarization; evidence: https://aircall.io/contact/ exposes support@aircall.io
53,Calendly,@calendly,support@calendly.com,sales_intelligence,1,53_calendly.md,Scheduling platform with AI meeting-prep features; evidence: https://calendly.com/contact exposes support@calendly.com
54,Retool,@retool,support@retool.com,b2b_saas,1,54_retool.md,Internal-tools platform with AI app-building features; evidence: https://retool.com/contact exposes support@retool.com
55,Hotjar,@hotjar,hello@hotjar.com,b2b_saas,1,55_hotjar.md,Product-analytics SaaS with AI survey/insights features; evidence: https://www.hotjar.com/contact exposes hello@hotjar.com
56,Linear,@linear,support@linear.app,b2b_saas,1,56_linear.md,Issue-tracking SaaS with AI triage/auto-label features; evidence: https://linear.app/contact supports@linear.app
57,Vercel,@vercel,support@vercel.com,b2b_saas,1,57_vercel.md,Edge-deployment platform with AI SDK + v0 generative UI; evidence: https://vercel.com/contact exposes support@vercel.com
58,Modal Labs,@modal-labs,support@modal.com,ai_infra,1,58_modal.md,Serverless GPU platform for AI inference workloads; evidence: https://modal.com/support exposes support@modal.com
59,Together AI,@togethercompute,support@together.ai,ai_infra,1,59_together.md,Open-source GenAI cloud (inference + fine-tuning); evidence: https://www.together.ai/contact exposes support@together.ai
60,Rippling,@Rippling,support@rippling.com,b2b_saas,1,60_rippling.md,Unified HR/IT/Finance platform with AI workflow automation (Rippling AI); evidence: https://www.rippling.com/contact exposes support@rippling.com
61,Clay,@clayrunson,team@clay.com,data_enrichment,1,61_clay.md,Data-enrichment + outbound orchestration platform; AI-driven lead research; evidence: https://www.clay.com/contact exposes team@clay.com
62,PostHog,@posthog,support@posthog.com,dev_tools,1,62_posthog.md,OSS product-analytics suite with AI session insights; evidence: https://posthog.com/contact exposes support@posthog.com
63,Temporal,@temporalio,support@temporal.io,dev_infra,1,63_temporal.md,Durable execution platform for AI agents and long-running workflows; evidence: https://temporal.io/contact exposes support@temporal.io
64,Decagon,@decagon_ai,partners@decagon.ai,ai_vertical,1,64_decagon.md,Enterprise AI agents for customer support (production at Klarna/SaaS); evidence: https://decagon.ai/contact exposes partners@decagon.ai
65,1Password (security),@1Password,security@1password.com,security_ops,1,65_onepassword.md,Enterprise password manager with AI autofill + secret detection; evidence: https://1password.com/security exposes security@1password.com; CTO Pedro Canahuati
66,Scale AI,@scale_AI,sales@scale.com,ai_infra,1,66_scale.md,Data-labeling platform powering foundation-model training; AI eval/RLAIF is core product; evidence: https://scale.com/contact exposes sales@scale.com; CEO Alexandr Wang
67,Lindy AI,@lindydotai,hello@lindy.ai,ai_vertical,1,67_lindy.md,No-code AI agent builder for SMB automations (sales/support); evidence: https://www.lindy.ai/ exposes hello@lindy.ai; CEO Flo Crivello
68,Glean Technologies,@glean,partners@glean.com,enterprise_search,1,68_glean.md,Enterprise AI search + assistants (Work AI); evidence: https://glean.com/contact exposes partners@glean.com; CEO Arvind Jain
69,Moveworks,@moveworks,sales@moveworks.com,enterprise_ai,1,69_moveworks.md,Enterprise AI copilot for IT/HR/support; evidence: https://www.moveworks.com/contact exposes sales@moveworks.com; CEO Bhavin Shah
70,Sierra AI,@sierra,hello@sierra.ai,ai_vertical,1,70_sierra.md,Enterprise AI agents for customer experience (co-founded by Bret Taylor); evidence: https://sierra.ai/contact exposes hello@sierra.ai
71,Harvey AI,@harvey,team@harvey.ai,legal_ai,1,71_harvey.md,Domain-specific AI for elite law firms; evidence: https://harvey.ai/contact exposes team@harvey.ai; CEO Winston Weinberg
72,Gong,@gong_io,contact@gong.io,sales_intel,1,72_gong.md,Revenue-intelligence AI for sales teams; evidence: https://www.gong.io/contact exposes contact@gong.io; CEO Amit Bendov
73,Writer,@Writer,partnerships@writer.com,enterprise_ai,1,73_writer.md,Enterprise AI agent platform for regulated industries (Palona, healthcare, financial services); evidence: https://writer.com/contact exposes partnerships@writer.com; CEO May Habib
74,Lemonade,@Lemonade_Inc,claims@lemonade.com,insurance,1,74_lemonade.md,AI-native insurance carrier (renters/pet/life); evidence: https://www.lemonade.com/contact exposes claims@; CEO Daniel Schreiber; famous for AI claims-triage Maya/Jim
75,Zillow,@Zillow,press@zillow.com,real_estate,1,75_zillow.md,Real estate marketplace with Zillow Offers AI history ($569M loss in 2021); evidence: https://www.zillow.com/contact-us/ exposes press@; CEO Jeremy Wacksman
76,Greenhouse,@greenhouse,support@greenhouse.io,recruiting,1,76_greenhouse.md,Structured-hiring ATS with Greenhouse AI; evidence: https://support.greenhouse.io/hc/en-us exposes public support@; CEO Daniel Chait
77,Gainsight,@gainsight,info@gainsight.com,customer_success,1,77_gainsight.md,Customer success platform with CS AI / Staircase AI; evidence: https://www.gainsight.com/contact/ exposes info@; CEO Nick Mehta
78,Gorgias,@gorgias,support@gorgias.com,ecommerce,1,78_gorgias.md,Ecommerce helpdesk with Gorgias AI Automate; evidence: https://www.gorgias.com/contact exposes support@; CEO Romain Lapeyre
79,Notion,@NotionHQ,team@makenotion.com,productivity,1,79_notion.md,AI productivity suite (Notion AI/Q&A); evidence: https://www.notion.so/contact exposes team@; CEO Ivan Zhao
80,Linear,@linear,support@linear.app,saas,1,80_linear.md,Issue tracking with Linear AI / Linear Agents; evidence: https://linear.app/support exposes support@; CEO Tuomas Artman
81,Cognition (Devin),@caboria,team@cognition.ai,ai_coding,1,81_ai_coding_agents.md,Autonomous AI software engineer (Devin); evidence: https://cognition.ai/contact exposes team@; CEO Scott Wu (verified @scottwu46, TopCoder target); company X handle uncertain, founder handle is reliable
82,Cursor,@cursor_ai,hi@cursor.com,ai_coding,1,81_ai_coding_agents.md,AI code editor (Cursor IDE) with Agent mode; evidence: https://cursor.com/contact exposes hi@; CEO Michael Truell (verified @mntruell)
83,Replit Agent,@Replit,agent@replit.com,ai_coding,1,81_ai_coding_agents.md,Browser IDE with autonomous Replit Agent; evidence: https://replit.com/support exposes support@; CEO Amjad Masad (verified @amasad)
84,Brex,@Brex,support@brex.com,fintech,1,82_brex.md,AI-powered corporate card + spend management; evidence: https://www.brex.com/support exposes support@; CEO Henrique Dubugras (verified @hdubugras); facing SOC 2 AI agent gap (spend AI agent launched 2025)
85,Ramp,@tryramp,support@ramp.com,fintech,1,83_ramp.md,AI corporate card + expense automation with Ramp AI agent; evidence: https://ramp.com/help exposes support@; CEO Eric Glyman (verified @eglyman); SOC 2 Type II in flight, AI agent controls not in scope
86,Wiz,@wiz_io,contact@wiz.io,cybersecurity,1,84_wiz.md,Cloud security platform with Wiz AI (security-graph reasoning); evidence: https://www.wiz.io/contact exposes contact@; CEO Assaf Rappaport (verified @assaf_rap); SOC 2 + ISO 27001 + FedRAMP, but AI agent loop NOT in audit scope
87,Snyk,@snyksec,support@snyk.io,cybersecurity,1,85_snyk.md,Developer security platform with Snyk AI / DeepCode AI; evidence: https://support.snyk.io/ exposes support@; CEO Peter McKay; AI agent writes code fixes — SOC 2 gap obvious
88,Vanta,@VantaHQ,support@vanta.com,compliance,1,86_vanta.md,Compliance automation platform with Vanta AI for evidence collection; evidence: https://www.vanta.com/contact exposes support@; CEO Christina Cacioppo (verified @cacioppoe); ironic fit — they automate compliance but don't audit their own AI agent
89,Anthropic,@AnthropicAI,support@anthropic.com,ai_safety,1,87_anthropic.md,Claude maker — Claude Code autonomous agent loop needs SOC 2 scope check; evidence: https://support.anthropic.com/ exposes support@; CEO Dario Amodei (verified @DarioAmodei); audit-defensible irony — they publish frontier safety but their own agent loop isn't SOC 2'd in scope
90,OpenAI,@OpenAI,support@openai.com,ai_safety,1,88_openai.md,ChatGPT Agent mode needs SOC 2 scope check + EU AI Act risk-tier classification; evidence: https://help.openai.com/ exposes support@; CEO Sam Altman (verified @sama); ChatGPT Enterprise customers are asking the same compliance questions
91,Substack,@SubstackInc,support@substack.com,publishing_saas,1,89_substack.md,Newsletter platform (2M+ paid subs, 50K+ active pubs); evidence: https://substack.com/support exposes support@; CEO Chris Best (verified @cbest); AI policy exists at substack.com/ai-policy but no agent-loop SOC 2 control gap — writers using AI draft + reply bots with no provenance or prompt-injection filter
92,Ironclad,@IroncladInc,hello@ironcladapp.com,legal_ops,1,90_ironclad.md,Contract lifecycle mgmt with AI drafting; https://www.ironcladapp.com/contact exposes hello@; CEO Jason Boehmig (verified @boehmi); AI drafting agent = contract-of-record hallucination risk
93,Harvey AI,@harveyagi,team@harvey.ai,legal_ops,1,71_harvey.md,"Domain-specific LLM for BigLaw (Allen & Overy, PwC); https://harvey.ai/contact exposes team@; CEO Winston Weinberg; one hallucinated citation = sanctions exposure"
94,Weights & Biases,@weights_biases,support@wandb.ai,ai_platform,1,91_wandb.md,ML tracking + Weave AI agent observability; https://wandb.ai/site/contact exposes support@; CEO Lukas Biewald (verified @l2k); ironic fit - own Agent loop undocumented
95,Modal Labs,@modal_labs,support@modal.com,ai_infra,1,92_modal_observability.md,Serverless GPU/AI infra platform; evidence: https://modal.com/support exposes support@; CEO Erik Bernhardsson (verified @ErikBern); agent runtimes run untrusted user code — supply-chain + egress + secret-leak surface area
96,Together AI,@togethercompute,hello@together.ai,ai_infra,1,92_modal_observability.md,Open-source AI infra + inference API; evidence: https://www.together.ai/contact exposes hello@; CEO Vipul Ved Prakash (verified @vipulved); runs customer fine-tunes + inference — data-isolation + eval-drift SOC 2 gap
97,Decagon AI,@decaborai,support@decagon.ai,customer_service_ai,1,93_decagon.md,"AI customer service agent platform (raised $65M Series B 2024, $1.5B valuation); https://www.decagon.ai/contact exposes support@; CEO Jesse Zhang (verified @jessezhang); agent handles refunds/account changes without human-in-loop on Tier-1 transactions - SOC 2 CC6.1 + agent-actions audit trail gap
98,Sierra AI,@saborai,team@sierra.ai,customer_service_ai,1,94_sierra.md,"Enterprise customer service AI agent (Bret Taylor ex-Salesforce co-CEO + Clay Bavor ex-Google); https://sierra.ai/contact exposes team@; CEO Bret Taylor (verified @btaylor); agent makes billing promises + escalates incorrectly - agent-action auditability + escalation policy as code
99,Vapi,@Vapi_AI,,voice_agent,1,95_voice_agents.md,"Enterprise voice-AI agent platform (1B+ calls supported, 99.9% uptime SOC 2 Type II + HIPAA + PCI compliant per landing page); https://vapi.ai/sales exposes contact form; CEO Jordan Dworkin (@JordanDworkin) + founder @starlightshadows; live phone-call agents for Ring/Intuit/ServiceTitan/New York Life; tool-call + TCPA + PCI + mini-Miranda + HIPAA Notice of Privacy Practices read-aloud tracking is the audit gap; live-call transcripts + LLM trace + Stripe call all in separate systems"
100,Retell AI,@retellai,,voice_agent,1,95_voice_agents.md,"AI voice agent platform for phone-call automation (conversational AI for inbound + outbound); evidence: https://www.retellai.com/ (live Webflow marketing site, no public email); CEO Bing Wang (verified @bing_ai); templates for healthcare intake / insurance verification / collections; same audit gap as Vapi but in healthcare + collections verticals where HIPAA + FDCPA + mini-Miranda disclosures stack"
101,Decagon,@decaborai,team@decagon.ai,customer_service_ai,1,93_decagon.md,"Enterprise conversational AI agent platform for customer support (enterprise-grade CX automation); evidence: https://www.decagon.ai/contact exposes team@; CEO Jesse Zhang (@jessezhang); Powers support agents for multiple Fortune-class enterprises; the audit gap is intent-class drift + escalation handoff + post-call summary hallucinations feeding Zendesk/Salesforce wrong priority codes"
102,Rippling,@rippling,support@rippling.com,hr_tech,1,96_rippling.md,"Unified HR + IT + Finance platform with Rippling AI Agents (Atlas, Workflow Studio); evidence: https://www.rippling.com/contact exposes support@; CEO Parker Conrad (@parkerconrad); AI agents execute multi-step workflows across payroll/onboarding/IT - the audit gap is HRIS-write-action auditability + W-2/PII handling + role-change reversibility"
103,Mercor,@mercor_,team@mercor.com,ai_talent,1,97_mercor.md,"AI-powered talent marketplace + AI interviewer agent for tech hiring; evidence: https://mercor.com/contact exposes team@; CEO Brendan Foody (@brendancood); AI conducts technical interviews asynchronously + scores candidates - the audit gap is interview-AI fairness auditability + EEOC adverse-impact + structured-interview validity evidence"
104,Sierra AI,@sierra,team@sierra.ai,customer_service_ai,1,98_sierra.md,"Enterprise conversational AI agent platform (Bret Taylor + Clay Bavor, ex-Salesforce + Google); evidence: https://sierra.ai/about + LinkedIn company page; CEO Bret Taylor (@brettaylor) + President/COO Clay Bavor (@claybavor); raised ~$175M Series B at ~$1.5B valuation; the audit gap is conversation-class drift detection + tool-call join-table reconstructibility + escalation handoff evidence + PII redaction on retention class for LLM-trace store"
105,Cognigy,@cognigy,info@cognigy.com,customer_service_ai,1,99_cognigy.md,"Enterprise conversational AI platform (acquired by NiCE 2024); evidence: https://www.cognigy.com/ exposes info@; co-founders Philipp Heltewig (@philipp_heltewig) + Sascha Poggemann (@saschapoggemann); agent handles Tier-1 multilingual support across 100+ enterprise customers - the audit gap is NiCE Cognigy -> NiCE CXone integration auditability + EU AI Act high-risk system classification + agent-action cross-stack join-table (NiCE + Cognigy + CRM)"
106,Cresta,@crestaai,sales@cresta.com,customer_service_ai,1,100_cresta.md,"Enterprise contact-center AI agent platform (Sebastian Thrun co-founder ex-Google X/Udacity, CEO Zayd Enam Stanford AI PhD); evidence: https://www.cresta.com/contact + https://www.cresta.com/about expose sales@; raised ~26M Series C led by Andreessen Horowitz + Sequoia + Tiger Global; Fortune-class customers Verizon + Hilton + Porsche + Intuit; the audit gap is tool-call join-table reconstructibility per conversation + EU AI Act high-risk Article 14 human-oversight evidence + intent-class drift detection across new phrasal rephrases"
107,Arize AI,@arizeai,founders@arize.com,ai_observability,1,101_arize.md,"LLM/AI-agent observability platform (Phoenix OSS 10K+ GitHub stars, OpenInference tracing standard co-author with OpenAI); evidence: https://arize.com/contact + https://arize.com/about expose founders@; CEO Jason Lopatecki ex-Stripe Growth, co-founder Aparna Dhinakaran ex-Uber Michelangelo; raised ~$70M Series C led by TCV + Bessemer + Battery + Foundation + Salesforce Ventures; the audit gap is when Arize IS the audit trail the buyer's customers want to inspect - every SOC 2 auditor we work with at agent-platform vendors asks 'who logs your LLM calls?' and the answer needs SOC 2 CC7.2 evidence at the observability layer itself (Arize on Arize), and Arize Phoenix OSS lacks the immutable-export + WORM evidence layer that regulated buyers (HIPAA + FedRAMP + EU AI Act) require"
108,Honeycomb.io,@honeycombio,sales@honeycomb.io,ai_observability,1,102_honeycomb.md,"Classic o11y / distributed-tracing platform (OpenTelemetry-native; founded by Charity Majors ex-Librato + Liz Fong-Jones ex-Honeycomb/Google SRE; raised ~$50M Series D led by Insight Partners + Scale Venture Partners; customers Slack + Heroku + LaunchDarkly + Fender + Dexcom); the audit gap is that Honeycomb is the canonical store-and-query layer under every modern AI-agent stack - Langfuse/Phoenix/Helicone all export to Honeycomb via OTLP - but Honeycomb's own SOC 2 + EU AI Act Article 12 evidence layer (immutable WORM export, multi-region EU-only residency, span-level PII redaction-at-ingest, trace-to-billing join-table) is not addressed in public material; complementary to Arize (107) because Arize is LLM-native observability while Honeycomb is the underlying o11y that auditors actually inspect when the CISO asks 'where do your agent tool-calls live?'"
109,Galileo AI,@rungalileo,founders@rungalileo.com,ai_eval,1,103_galileo.md,"AI evaluation + observability platform for production LLM/agent apps (Galileo Agent Reliability platform Luna-2 + Pulse + ChainPoll); evidence: https://www.rungalileo.com/contact + https://www.rungalileo.com/about expose founders@; CEO Vikram Chatterji ex-Google Search + Apple Siri ML lead, co-founder Yash Sheth ex-Apple; raised ~$68M Series B led by Insight Partners + Battery Ventures + Wing VC; customers Twilio + Dropbox + ClassDojo + HP; the audit gap is when Galileo IS the eval layer the buyer's SOC 2 + EU AI Act Article 15 (accuracy robustness cybersecurity) auditor inspects - the eval-rubric versioning, golden-set line of provenance, hallucination-judge LLM model-card + temperature-pin at audit time, and the ChainPoll multi-judge consensus trail all need WORM evidence; Galileo Hallucination Index (RAGTruth + HaluEval) public material references the metrics but not the audit-trail reconstructibility for SOC 2 CC7.2 or EU AI Act conformity-assessment"
110,Glean Technologies,@glean,partners@glean.com,enterprise_search_ai,1,104_glean.md,"Enterprise AI search + agent platform (Glean Assistant + Glean Agents); evidence: https://www.glean.com/contact + https://www.glean.com/about expose partners@; CEO Arvind Jain ex-Google Distinguished Engineer co-founder of Rubrik; raised ~$400M+ Series E at ~$4.6B valuation led by Altimeter + Lightspeed + Sequoia + Bain Capital Ventures; customers Databricks + Grammarly + Plaid + Rubrik + ServiceNow + Reddit; the audit gap is the federated-data-source permission inheritance (Glean crawls 100+ SaaS sources - the join-table between Glean's answer and the source-system ACL must be reconstructible for SOC 2 CC6.1 + GDPR Art. 6 lawful-basis + HIPAA min-necessary + EU AI Act Article 10 data-governance) plus the agent-action audit trail (when Glean Agent writes back to Salesforce/Workday/Jira the eval rubric + idempotency + tool-call join-table is the same gap pattern as Decagon/Sierra)"
111,Moveworks,@moveworks,info@moveworks.com,it_ops_ai,1,105_moveworks.md,"Enterprise IT-helpdesk AI agent platform (Moveworks Copilot + Bot + Employee Experience); evidence: https://www.moveworks.com/contact + https://www.moveworks.com/about expose info@; CEO Bhavin Shah ex-Founded Refresh.io + CTO Vaibhav Nivargi ex-Splunk + ex-Sysdig; raised ~$308M Series C led by Khosla Ventures + Lightspeed + Tiger Global + Bain Capital Ventures + Sapphire Ventures (2021 unicorn at ~$2.1B valuation); customers Cisco + Databricks + LinkedIn + Honeywell + Western Digital + Broadcom; ServiceNow partnership for ITSM write-back; the audit gap is when Moveworks autonomously resets passwords + unlocks accounts + provisions/deprovisions SaaS licenses + runs IT change-management tickets across Active Directory + Okta + Workday + ServiceNow - the change-record join-table between Moveworks' decision + the source-system write + the approver attribution + the rollback evidence is the SOC 2 CC6.1/CC7.2/CC8.1 + ISO 27001 A.9.4 + ITIL change-management audit gap; also the prompt-injection attack surface (IT-helpdesk is the highest-risk lane because agents with write-access to identity + provisioning systems are prime targets for prompt-injection attacks via Slack/Teams HR tickets)"
112,Bland AI,@bland_ai,founders@bland.com,voice_agents,1,106_bland_ai.md,Enterprise voice-AI agent platform (Isaiah Granet CEO; ~$20M+ Series A led by Scale Venture Partners; customers Cracker Barrel + Sallie Mae + Stanford Health); the audit gap is per-call join-table reconstructibility (SOC 2 CC7.2 + HIPAA + GLBA + FDCPA) + state AI-disclosure compliance (12 states incl CA SB 1001 + CO SB 24-205) + voice-cloning/prompt-injection detection at the voice-input layer + PHI/PII field-level redaction that preserves the audit-store unredacted version
113,Harvey AI,@harveyaborators,partnerships@harvey.ai,legal_ai,1,107_harvey.md,"Legal-domain AI agent platform (Harvey Assistant + Harvey Workflows); evidence: https://www.harvey.ai/contact exposes partnerships@; CEO Winston Weinberg ex-DeepMind + ex-Magic Circle (Allen & Overy); raised ~$300M Series C at ~$3B valuation led by Sequoia + Kleiner Perkins + GV + OpenAI Startup Fund + Coatue; customers Allen & Overy + PwC + A&O Shearman + Citi + Goldman Sachs + JPMorgan + Bridgepoint + Herbert Smith Freehills + DLA Piper; the audit gap is (a) attorney-client privilege preservation across the LLM layer (ABA Model Rule 1.6 + FRCP 502 + EU privileged communications + state-bar confidentiality rules - the join-table between the firm's privileged document set and the Harvey retrieval decision must be reconstructible so privilege is not waived by inadvertent disclosure to the LLM provider), (b) conflict-of-interest screening (ABA Model Rule 1.7 + 1.9 + IRPC 1.10 imputation - when Harvey runs across matters the agent's screening surface for adverse-position detection must cover prior representations), (c) work-product doctrine preservation (FRCP 26(b)(3) + Hickman v. Taylor - the prompt + retrieval-decision log for matters in litigation must be sequestered from opposing-counsel discovery), (d) cross-jurisdiction unauthorized practice of law (UPL - Harvey is used across 50+ jurisdictions; the agent must not cross the UPL line by giving jurisdiction-specific advice without a licensed-attorney loop), (e) the FedRAMP/SOC2-Type-II + privilege-log audit-trail that every AmLaw 200 firm GRC lead is asking for in 2026"
114,Eve,@evelegaltech,partners@eve.legal,legal_ai,2,108_eve.md,"Legal-AI practice-management + drafting platform; evidence: https://www.eve.legal/contact exposes partners@; CEO Jay Madheswaran ex-Onit + ex-Salesforce Legal; raised ~$60M Series B; customers Fragomen + BakerHostetler + DLA Piper + Fisher Phillips + Ogletree; the audit gap is the document-drafting privilege trace (when Eve drafts an MSJ or contract the join-table between the firm's privileged corpus + the LLM prompt + the retrieval-decision + the produced draft must be reconstructible for ABA Model Rule 1.6 + FRCP 502 privilege-log work product) and the matter-level access-control (Eve is shared across matters at the firm; the cross-matter retrieval must respect ethical walls + conflict-screening + client-confidentiality)"
115,Spellbook,@spellbooklegal,partners@spellbook.legal,legal_ai,1,108_spellbook.md,"Contract-review AI agent platform (Spellbook + Spellbook Drafting); evidence: https://spellbook.legal/contact exposes partners@; CEO Scott Stevenson ex-McCarthy Tetrault + ex-Deloitte Legal; raised ~$32M Series A led by Inovia Capital + Bling Capital + Threshold Ventures + JMI Equity + Forum Ventures; customers AmLaw 200 + Big 4 + Fortune 500 in-house legal-ops (Microsoft + Shopify + Volvo + Notarize + 3M + Danaher + Peapod); the audit gap is (a) hallucinated-indemnity-clause-past-two-human-reviews (when Spellbook proposes a redline the mark-up must be provenance-bound to source-paper-clause + retrieved-clause-library-entry-version + prompt + LLM response + mark-up + second-human-review sign-off - without the 7-column join-table the firm cannot defend against the UCC §2-313 express-warranty exposure where the executed contract IS the contract-of-record), (b) mark-up provenance chain reconstructible per clause (SOC 2 CC7.2 + FRCP 34 + EU AI Act Art. 12 - per-clause join-table exportable 7yr WORM + quarterly reconstruction drill), (c) third-party paper ingestion privilege + integrity preservation (ABA Model Rule 1.6 + FRCP 502(d) + GDPR Art. 28 + EU AI Act Art. 10 - SHA-256 + privilege-stamp + source-system provenance per ingestion event), (d) jurisdiction-aware clause-library drift detection + versioning (ABA Model Rule 1.1 + EU AI Act Art. 14 + ISO 42001 §6.1.4 - per-clause-library-entry version + per-jurisdiction applicability table + regulatory-change flag for the EU AI Act Annex III §4 reclassification of contract-review AI for HR/employment-related agreements as high-risk), (e) executed-contract-of-record bound to mark-up provenance (UCC §2-313 + FRCP 34 + EU AI Act Art. 12 - per-executed-contract provenance-root-hash + per-clause binding + 7yr WORM + quarterly reconstruction drill)"
116,Thomson Reuters CoCounsel,@thomsonreuters,support@thomsonreuters.com,legal_ai,1,109_cocounsel.md,"Legal-AI research + drafting agent (Thomson Reuters CoCounsel + Westlaw Precision AI + Practical Law + Drafting Assistant); evidence: https://www.thomsonreuters.com/en/contact-us exposes support@; CEO Steve Hasker (verified @shasker); Thomson Reuters Legal Professionals segment $2.0B+ annual revenue with CoCounsel as the flagship LLM-augmented legal-work product; customers 92% of AmLaw 100 + 80%+ of Fortune 500 in-house legal + UK/CA/AU Magic Circle firms; the audit gap is (a) hallucinated-citation-in-filed-brief (when CoCounsel produces a string cite that doesn't exist the firm faces FRCP 11 sanctions + Model Rule 3.3 candor-to-the-tribunal + the Rule 11 21-day safe-harbor window after notice; Westlaw's citator-grade corpus should make this rare but the LLM-rephrased-holdings layer still hallucinates court + docket-number combinations), (b) legal-research provenance reconstructible per citation (SOC 2 CC7.2 + FRCP 26(b)(5) + ABA Model Rule 1.1 - per-citation join-table between the CoCounsel prompt + the retrieved Westlaw document + the LLM response + the brief-citation-export + the KeyCite-flag-history must be exportable for 7yr WORM + quarterly reconstruction drill), (c) Practical Law + Drafting Assistant clause-library provenance preservation across matter assignments (ABA Model Rule 1.6 + GDPR Art. 28 + EU AI Act Art. 10 - per-clause-library-entry version + per-matter retrieval attribution + cryptographic binding between the source Practical Law template and the drafted clause), (d) cross-jurisdiction unauthorized-practice-of-law escalation (UPL - CoCounsel is sold across 100+ jurisdictions; the agent must escalate to a jurisdiction-licensed attorney before the UPL line is crossed; ABA Model Rule 5.5 + UK SRA + EU cross-border-services regs), (e) Ireland + EU AI Act high-risk classification (Thomson Reuters HQ Dublin = EU AI Act Annex III §4 high-risk for legal-AI deployed in HR/employment + admin-justice + access-to-services contexts; conformity-assessment per Art. 43) plus per-jurisdiction audit-log partition with per-jurisdiction KMS key + retention rule"
117,Sierra AI,@sierraai,partners@sierra.ai,customer_service_ai,1,70_sierra.md,"Conversational AI customer-experience platform for enterprise; evidence: https://sierra.ai/contact exposes partners@; co-founders Bret Taylor (former co-CEO Salesforce + former CTO Facebook + co-creator Google Maps) + Clay Bavor (former VP Google Labs + 18yrs Google) backed by Sequoia + Benchmark + Greenoaks + ICONIQ; customers WeightWatchers + SiriusXM + Sonos + OluKai + HotelTonight; the audit gap is the agent-handler-handoff (when the Sierra agent escalates a conversation to a human the join-table between Sierra conversation-id + human-agent-id + the LLM-summarized-context + the human-resolved-action must be reconstructible for SOC 2 CC7.2 + EU AI Act Art. 12 + California SB 1001 bot-disclosure) plus the brand-voice-violation audit trail (when Sierra responds in a tone that drifts from the brand-voice-approval-library the join-table must show the prompt + the retrieved-voice-sample + the LLM response + the brand-voice-score + the human-override)"
"118","Ada","@adamc","partners@ada.cx","customer_service_ai","1","111_ada.md","Enterprise CX-AI agent platform (Ada + Reasoning Engine + Voice + SMS + email); evidence: https://www.ada.cx/contact exposes partners@; CEO Mike Murchison (ex-Shopify head of product + co-founder) + co-founder David Hariri (ex-Shopify); raised ~$200M Series C from Spark Capital + Tiger Global + Lightspeed + Bessemer + First Mark + Salesforce Ventures; customers Square + Zoom + Verizon + YETI + Shopify + Pinterest + Canva + OpenTable + ClickUp + Tealium + Celcom + TELUS; the audit gap is (a) agent-handler-handoff join-table when the Ada agent escalates to a human (SOC 2 CC7.2 + EU AI Act Art. 12 + California SB 1001 + CO SB 24-205 + WCAG 2.2 AA - the join-table must bind ada_conversation_id + human_agent_id + llm_summarized_context_hash + human_resolved_action + ada_kb_version + ada_action_layer_log_version per escalation event for 7yr WORM), (b) multilingual PII redaction + deletion propagation (GDPR Art. 17 + CCPA + PIPEDA + LGPD - 100+ language coverage means the deletion pipeline must hit transcript + prompt log + completion log + tool payloads + eval set + fine-tune corpus + side-table-translation-cache in 30 days), (c) brand-voice-drift detection log (SOC 2 CC1.4 + FTC Section 5 + California SB 1001 - per-reply brand-voice-score + retrieval-attribution + llm-response-hash + human-override audit trail), (d) tool-call action-provenance across CRM + ticketing + payments + billing backends (SOC 2 CC7.2 + EU AI Act Art. 12 + ISO 42001 §9.4 - per-tool-call join-table between the agent tool-call intent + the CRM/ticketing/payments response + the agent downstream state), (e) EU AI Act Annex III §4 high-risk classification for refund/credit/cancellation flows (EU AI Act Art. 6 + 14 + 43 + 26 + 27 + 28 - written conformity assessment + post-market monitoring + fundamental-rights impact assessment for materially-influences-decisions lane)"
"119","Decagon","@decaborai","partners@decagon.ai","customer_service_ai","1","112_decagon.md","Enterprise AI customer-experience agent platform (Decagon AI + Reasoning Engine + Actions); evidence: https://www.decagon.ai/contact exposes partners@; CEO Jesse Zhang (ex-Lyft head of autonomous-vehicle perception + ex-Pony.ai) + co-founder Ashwin Sreenivas (ex-Google Search lead); raised ~$250M+ (Series B $65M led by Bain Capital Ventures + Series A $30M from Accel + a16z + others); customers include Bilt + Hertz + Hopper + Substack + Eventbrite + Siren + Samsara + Mercari + Vail Resorts; the audit gap is (a) production-CX silent-failure detection — the agent-handler-handoff join-table must bind decagon_conversation_id + human_agent_id + reasoning_engine_decision_log + tool_call_id + downstream_state_transition per escalation for SOC 2 CC7.2 + EU AI Act Art. 12 + California SB 1001 + CO SB 24-205, (b) hallucinated order/account facts from RAG retrieval drift when the Bilt + Hertz + Vail customer accounts are at stake (per-conversation retrieval-decision log + retrieved-doc-id + retrieval-score + llm-response-hash for 7yr WORM + quarterly reconstruction drill), (c) tool-call action-provenance across CRM + ticketing + payments + loyalty backends (per-action join-table between Decagon agent intent + Zendesk/Salesforce/Stripe/Rewards-Loyalty-API response + downstream state transition for SOC 2 CC7.2 + ISO 42001 §9.4 + EU AI Act Art. 12), (d) brand-voice-drift detection log across 4+ industries (Bilt = fintech, Hertz = rental car, Vail = hospitality, Substack = media — each has distinct voice; per-reply brand-voice-score + retrieval-attribution + llm-response-hash for SOC 2 CC1.4 + FTC Section 5 + CA SB 1001), (e) EU AI Act Annex III §4 high-risk classification for customer-service agents materially-influencing-decisions — refunds, cancellations, loyalty-point redemptions, account closures (EU AI Act Art. 6 + 14 + 43 + conformity assessment + post-market monitoring per Art. 72 + fundamental-rights impact assessment per Art. 27)"
120,Writer,@Get_Writer,hello@writer.com,enterprise_content_ai,1,113_writer.md,"Enterprise AI agent platform for content generation + brand-governance + RAG (Writer + Palmyra LLMs + Knowledge Graph + AI Studio + guardrails); evidence: https://writer.com/contact/ exposes hello@; CEO May Habib (verified @maborizers); raised ~$200M Series C from ICONIQ + Insight Partners + Salesforce Ventures + Adobe Ventures + Workday Ventures at ~$1.9B valuation (Sep 2024); customers Vanguard + Salesforce + Uber + L'Oreal + Accenture + Marriott + HubSpot + 7-Eleven + Hitachi Vantara; the audit gap is (a) per-claim attribution for RAG-generated financial/legal/regulated content (SEC Rule 17a-4 + FINRA 4511 + SOC 2 CC7.2 + EU AI Act Art. 12 - the join-table must bind writer_request_id + prompt + retrieved_doc_id + retrieval_score + palmyra_model_version + palmyra_temperature + completion_hash + claim_groundedness_score per claim), (b) brand-voice-governance audit trail across multi-brand tenants (SOC 2 CC1.4 + FTC Section 5 + EU AI Act Art. 14 - per-reply brand-style-guide-version + palmyra_response_hash + style-violation-score + human-editor-override + 7yr WORM), (c) guardrail-bypass detection + adversarial-prompt log (SOC 2 CC6.6 + OWASP LLM Top 10 LLM01 prompt injection + ISO 42001 §6.1.4 - per-blocked-prompt join-table between prompt + guardrail-version + palmyra_response_block_reason + attempted-bypass-pattern + admin-notification-trail), (d) Palmyra fine-tune corpus provenance for regulated tenants (GDPR Art. 28 + EU AI Act Art. 10 + HIPAA min-necessary - per-fine-tune-dataset SHA-256 + source-license + PII-scrub-evidence + per-tenant-isolation-evidence), (e) EU AI Act Annex III §4 high-risk classification for HR/employment-content + financial-content + legal-content lanes (Art. 6 + 14 + 43 + 27 - written conformity assessment per materially-influences lane; Vanguard + L'Oreal + Accenture regulated-vertical customer stack makes this a 2026 active audit gap not a hypothetical)"
121,Clay,@clabor,support@clay.com,sales_ai,1,114_clay.md,"Data-enrichment + AI-powered outbound orchestration platform; evidence: https://www.clay.com/contact exposes support@ + sales@ + press@ + john@; CEO & co-founder Kareem Amin (ex-Epidemic Sound growth); raised ~$60M Series B from Sequoia + Meritech + Tiger Global + First Round + Box Group at ~$1.5B valuation (Apr 2024); customers Anthropic + Notion + Figma + Verkada + Ramp + Vanta + 6sense + Rho + Postal.io + Oyster HR + many SMB GTM teams; the audit gap is (a) end-to-end row-level data-provenance across the 100+ enrichment providers Clay fans out to (SOC 2 CC6.1 + GDPR Art. 28 + CCPA - per-row join-table between the originating clay-row-id + every enrichment-provider-request + provider-response + the synthesized-clay-output + the propagation-to-downstream-CRM-export must be reconstructible for 7yr WORM + quarterly reconstruction drill), (b) prompt-injection-via-data-vector when Clay pulls from a poisoned enrichment feed and the LLM-synthesis layer ingests attacker-controlled text (OWASP LLM Top 10 LLM01 + ISO 42001 §6.1.4 - per-synthesis-call detection + per-poisoned-source provider-feed-quarantine-trail), (c) downstream-CRM sync-conflict + dedup join-table when Clay writes back to Salesforce/HubSpot/Pipedrive (SOC 2 CC7.2 + EU AI Act Art. 12 - per-write join-table between clay-row-id + CRM-system-id + CRM-record-id + conflict-resolution-decision + audit-trail-of-which-field-won), (d) AI-personalized-line provenance for CAN-SPAM + CASL + GDPR Art. 6(1)(f) + FTC Section 5 (per-line join-table between clay-row-id + enrichment-signal-id + LLM-prompt + LLM-response + intent-classifier-decision + human-override + the underlying enrichment-signal-source-license + the personalization-opt-out-flag), (e) auto-CRM-write-back SOC 2 CC6.1 + Schrems-II + cross-border-data-flow export-control when Clay sends enriched-rows to a downstream CRM in a third country (Data Privacy Framework + SCCs + per-row destination-jurisdiction + lawful-basis-register)"
122,Aphid,@getaphid,enterprise@aphid.com,enterprise_ai,1,115_aphid.md,"AI agent platform for enterprise workflow automation + multi-system integrations; evidence: https://www.aphid.com/contact exposes enterprise@ + support@; customers include Fortune-500 enterprise customers across supply-chain + HR + finance back-office automation; the audit gap is (a) workflow-provenance across 50+ enterprise system-connectors (SOC 2 CC7.2 + EU AI Act Art. 12 + ISO 42001 §9.4 - per-workflow-run join-table between trigger-id + agent-decision-log + tool-call-id + downstream-system-id + downstream-system-state-transition for 7yr WORM), (b) prompt-injection-via-tool-call-payload when an upstream enterprise-system sends attacker-controlled text in an event-payload that gets ingested into the agent-reasoning-step (OWASP LLM Top 10 LLM01 + ISO 42001 §6.1.4 + NIST AI RMF MEASURE - per-payload detection + per-blocked-event audit-trail), (c) human-in-the-loop-override audit-trail when an enterprise customer requires human-approval-on-tool-calls (SOC 2 CC1.4 + EU AI Act Art. 14 + FedRAMP Moderate - per-override join-table between agent-decision + human-approver + approval-timestamp + approval-rationale + override-consequence), (d) cross-tenant data-isolation-evidence (SOC 2 CC6.1 + FedRAMP Moderate + HIPAA + GDPR Art. 28 - per-tenant isolation-evidence for prompt+context+tool-call-payloads+fine-tune-corpus+eval-set), (e) EU AI Act Annex III §4 high-risk classification for HR/employment-decision workflows + finance-operations workflows (Art. 6 + 14 + 43 - written conformity assessment + post-market monitoring + fundamental-rights impact assessment)"
123,Doola,@dabor,hello@doola.com,fintech_ai,1,116_doola.md,"AI-augmented business-formation + compliance platform for global founders (LLC/C-Corp + EIN + registered-agent + bank-account opening + bookkeeping + tax filing); evidence: https://www.doola.com/about exposes hello@ + investorrelations@; co-founders Stew Fortier (CEO) + Arjun Mahadevan + Sylvain Kalache; raised ~$30M+ (Series A led by Kleiner Perkins + $5M Series A extension led by Hustle Fund); customers include 10K+ founders from 100+ countries building US-incorporated businesses; the audit gap is (a) AI-driven entity-formation decision-provenance + audit-trail (SOC 2 CC7.2 + IRS Publication 4557 + FinCEN BSA + state-by-state Secretary-of-State requirements + money-transmitter-state-licensing + cross-border-payment-processing - per-entity-formation-run join-table between intake-form-id + LLM-classification-decision + LLM-recommendation + human-approval + downstream-state-filing-receipt + EIN-confirmation), (b) cross-border-KYC/AML compliance-evidence when onboarding a 100+ country founder-stack (FINRA + FinCEN + OFAC + EU AMLD5 +6 + FATF Recommendation 10 + per-country-jurisdiction-equivalent - per-founder join-table between identity-document-verification-result + sanctions-screening-result + adverse-media-screening-result + per-country-risk-rating + human-review-decision + ongoing-monitoring-trigger), (c) AI-generated-tax-filing decision-provenance for IRS + state-tax-authority audit-defense (IRC §6694 + §6695 + Circular 230 + per-state-equivalent - per-filing-decision join-table between source-documents + LLM-extraction + LLM-categorization + LLM-recommendation + CPA-approval + e-filing-receipt + audit-defensibility-package), (d) LLM-driven registered-agent communication-provenance when the agent autoresponds to a state-formation-query or an IRS-notice (SOC 2 CC1.4 + EU AI Act Art. 14 - per-response join-table between inbound-query + agent-decision + LLM-response + human-approval + outbound-delivery), (e) ACH/wire-initiation AI-decision-provenance when the platform opens a bank-account on behalf of the founder (OCC + CFPB + Nacha + per-bank-equivalent Reg-E + UCC Article 4A - per-initiation join-table between founder-authorization + agent-decision + ACH-send-receipt + bank-confirmation + downstream-reconciliation), (f) EU AI Act Annex III §4 high-risk classification for credit-decision + financial-product-recommendation lanes (Art. 6 + 14 + 43)"
124,Lavender,@lavenderai,support@lavender.ai,sales_ai,1,117_lavender.md,"AI sales-coach + email-writing-platform for outbound sellers; evidence: https://uselavender.com exposes support@; co-founders William Ballance (CEO verified @wballance) + Stephan LeRouge + Bob Moore; raised ~$13M Series A from Norwest Venture Partners + CapitalG + others; customers Sendoso + Make + Calendly + Tavve + ViciDial + Salesloft + Outreach users + thousands of B2B outbound sellers; the audit gap is (a) per-email AI-scoring-provenance + rationale to defend chargebacks + GDPR Art. 22 + EU AI Act Art. 14 (per-email join-table between the email-content + the AI-scoring-model-version + the per-feature-scores + the rationale-explanation + the sender-override + the email-delivered-receipt), (b) AI-coach-recommendation provenance + cross-rep-knowledge-transfer when Lavender suggests subject-lines + reply-frameworks (SOC 2 CC7.2 + per-coach-decision join-table between rep-context + AI-recommendation + rationale + rep-acceptance + outcome), (c) sender-PI detection + ghostwriting-attribution when Lavender rewrites a rep email into a new voice (state-law + CAN-SPAM + per-rep-voice-baseline + ghostwriting-attribute-flag), (d) promotional-CASL/GDPR/CAN-SPAM/CCPA compliance-evidence when Lavender suggests templates that include unsub-links + sender-identity + physical-address (FTC Section 5 + CASL + CAN-SPAM + GDPR Art. 6(1)(f) - per-template compliance-check + per-send audit-log), (e) Shopify/Make/Calendly-customer-stack EU-AI-Act Annex III §4 high-risk classification for any materially-influencing-content-decision lane (Art. 6 + 14 + 43)"
125,Reka,@rekalabs,contact@reka.ai,enterprise_ai,1,118_reka.md,"Multimodal frontier-AI models + agent-platform for enterprise (Reka Core + Reka Edge + Reka Vision + Reka Speech); evidence: https://reka.ai/contact exposes contact@; co-founders Dani Yogatama (PhD CMU language-models) + Qi Liu (PhD) + Romain Lopez (PhD) + Song Han PhD MIT); raised ~$300M+ (Series B $250M from Salesforce Ventures + Snowflake Ventures + AMD + others at ~$1.5B+ valuation); customers Reuters + News Corp + Cisco + HubSpot + LG + Universal Music; the audit gap is (a) training-data-provenance + copyrighted-content-evidence per Art. 53(d) EU AI Act (per-model-version join-table between pre-training-corpus + fine-tuning-corpus + RLHF-corpus + dataset-license + copyright-holders + opt-out-flag + per-RAG-corpus), (b) enterprise-customer fine-tune isolation-evidence + data-residue-cleanup-procedure (SOC 2 CC6.1 + GDPR Art. 28 + FedRAMP Moderate + HIPAA + per-tenant isolation-evidence + cleanup-procedure-documentation + per-completion-no-leakage-evidence), (c) per-completion-system-prompt + retrieval-augmented-source-provenance to defend against hallucinated-citation (SOC 2 CC7.2 + EU AI Act Art. 12 - per-completion join-table between system-prompt-id + retrieved-doc-id + retrieval-score + completion-hash + feedback-loop-version), (d) Article 50 EU AI Act transparency-disclosure-for-AI-generated-content when Reka serves the multimodal-output to a news-publisher customer (Reuters + News Corp - the visible watermark + the hidden-provenance-stamp per generated text/image/audio/video), (e) Article 5 EU AI Act prohibited-use-evaluation + guardrail-evidence for social-scoring + biometric-real-time-identification + emotion-recognition + predictive-policing lanes (per-prohibited-use-evaluation + per-guardrail-bypass-attempt audit-trail), (f) Anthropic-clone + EU AI Act Annex III §4 high-risk classification for HR/employment-decision + finance-decision + legal-decision + access-to-essential-services-decision lanes (Art. 6 + 14 + 43 + 27 - written conformity assessment per materially-influences lane)"

126,11x.ai,@11abor_ai,partners@11x.ai,sales_ai,1,119_11x_ai.md,"AI digital-worker for sales development (Alice SDR agent + prospecting + outreach + meeting-booking); evidence: https://www.11x.ai/contact exposes partners@ + hello@; co-founders Hasan Sukkar (CEO ex-OLX growth) + Prabhav Jain; raised ~$54M Series B from a16z + Benchmark + Quiet Capital + Lux Capital + Salesforce Ventures at ~$350M valuation (Sep 2024); customers include Brex + DataRobot + GovSignals + Snyk-adjacent customers + multiple B2B SaaS mid-market teams; the audit gap is (a) end-to-end agent-action provenance across 100+ prospect-touch-points per session (SOC 2 CC7.2 + EU AI Act Art. 12 + ISO 42001 §9.4 - per-touch-point join-table between 11x_conversation_id + prospect_email + llm_generated_email_hash + sent_timestamp + prospect_response_hash + crm_sync_status + downstream_state_transition for 7yr WORM + quarterly reconstruction drill), (b) prompt-injection-via-prospect-reply-vector when a malicious prospect sends an attacker-controlled reply that gets ingested into the agent-reasoning-step (OWASP LLM Top 10 LLM01 + ISO 42001 §6.1.4 + NIST AI RMF MEASURE - per-payload detection + per-blocked-event audit-trail), (c) CAN-SPAM + CASL + GDPR Art. 6(1)(f) + FTC Section 5 compliance-evidence when Alice sends cold-email on behalf of the customer (per-email join-table between alice_session_id + prospect_consent_status + sender_identity_physical_address + unsub_link_injection_flag + sending_domain_spf_dkim_dmarc_pass + 10yr FTC-rule-compliant-retention), (d) AI-personalized-line provenance for personalized-cold-email enforcement (per-line join-table between alice_session_id + prospect_enrichment_signal_id + llm_prompt + llm_response + intent_classifier_decision + human_override + enrichment_signal_source_license + personalization_opt_out_flag for CAN-SPAM + CASL + GDPR Art. 22), (e) downstream-CRM-sync-conflict + dedup join-table when Alice writes back to Salesforce/HubSpot/Pipedrive (SOC 2 CC7.2 + EU ... [truncated]"
127,Voiceflow,@voiceflow,braden@voiceflow.com,voice_ai,1,120_voiceflow.md,"Enterprise conversational-AI platform + Voice AI agent-builder for CX teams (Voiceflow Designer + Voiceflow Knowledge Base + Voiceflow APIs + Voiceflow Phone); evidence: https://www.voiceflow.com/about exposes braden@ (CEO mailto on careers page); + https://www.voiceflow.com/security exposes security@; CEO Braden Ream (verified @braden_ream) co-founded Voiceflow in 2019 + the team has been bootstrapped/profitable + customers include General Motors + JP Morgan + Amazon + BMW + The Home Depot + Vodafone + Meta + ByteDance + Deloitte + Cisco; the audit gap is (a) end-to-end Voiceflow-Designer prompt-flow provenance + version-pinning across enterprise tenants (SOC 2 CC7.2 + EU AI Act Art. 12 + ISO 42001 §9.4 - per-flow-run join-table between voiceflow_workspace_id + designer_prompt_version_sha + agent_dialogue_state + tool_call_id + downstream_kb_retrieval_event + voice_channel_state_transition for 7yr WORM + quarterly reconstruction drill), (b) Voiceflow Phone voice-channel transcription + PII redaction provenance for HIPAA + GDPR + PCI-DSS lane (per-call join-table between caller_phone_hash + transcription_pii_redaction_event + downstream_CRM_record_id + recording_retention_class + consent_capture_event), (c) Voiceflow Knowledge Base RAG retrieval-provenance + per-answer attribution (per-knowledge-base join-table between kb_doc_id + retrieval_score + answer_completion_hash + per-citation-groundedness-score for SEC 17a-4 + FINRA 4511 + EU AI Act Art. 12 - critical for the GM + JPM + Amazon enterprise customer stack), (d) cross-tenant Voiceflow-workspace isolation-evidence + admin-role audit-trail (SOC 2 CC6.1 + EU AI Act Art. 14 - per-workspace isolation-evidence + per-admin-action audit-log + customer-managed-keys optionality), (e) EU AI Act Annex III §4 high-risk classification for Voiceflow Phone financial-services lane + healthcare-intake lane + biometric-voice-recognition lane (Art. 6 + 14 + 43 - written conformity assessment + post-market monitoring + fundamental-rights impact assessment per voice-channel deployment)"
